ID,dropperid,itemid,minimum_quantity,maximum_quantity,questid,chance
2,100100,1092003,1,1,0,33300
3,100101,1092003,1,1,0,33300
4,100101,1061008,1,1,0,33300
5,100101,1040010,1,1,0,33300
6,120100,1061002,1,1,0,33300
7,120100,1060002,1,1,0,33300
8,120100,1040002,1,1,0,33300
9,130100,1082002,1,1,0,33300
10,130100,1060006,1,1,0,33300
11,130100,1041006,1,1,0,33300
12,130101,1041011,1,1,0,33300
13,130101,1082002,1,1,0,33300
14,130101,1302024,1,1,0,33300
15,9400551,4032120,1,1,0,1000000
17,100100,0,10,14,0,200000
19,130101,0,12,28,0,200000
21,120100,0,18,24,0,200000
23,100101,0,16,22,0,200000
24,130100,0,22,28,0,200000
25,100100,2000000,1,1,0,125000
26,100101,2000000,1,1,0,125000
28,130101,2000000,1,1,0,125000
30,120100,2000000,1,1,0,125000
32,130100,2000000,1,1,0,125000
34,120100,2000003,1,1,0,125000
36,130100,2000003,1,1,0,125000
37,100100,2000003,1,1,0,125000
38,100101,2000003,1,1,0,125000
40,130101,2000003,1,1,0,125000
43,1140130,2000001,1,1,0,100000
44,1130100,2002031,1,1,0,100000
45,1140130,0,46,54,0,200000
46,1130100,0,39,45,0,200000
47,1140130,4000019,1,1,2062,50000
48,1130100,4000019,1,1,2062,50000
49,1140130,2002031,1,1,0,100000
50,1130100,2000001,1,1,0,100000
51,1110100,2002031,1,1,0,100000
52,1110100,2000001,1,1,0,100000
53,2220100,2002031,1,1,0,100000
54,2220100,2000001,1,1,0,100000
55,1110100,0,40,48,0,200000
56,2220100,0,44,53,0,200000
57,210100,0,58,76,0,200000
58,1210103,0,58,76,0,200000
59,7120103,0,58,76,0,200000
60,9400538,0,58,76,0,200000
61,210100,4000004,1,1,0,400000
62,1210103,4007008,1,1,0,400000
63,7120103,4007009,1,1,0,400000
64,9400538,4007010,1,1,0,400000
65,210100,4031089,1,1,2029,10000
66,1210103,4031089,1,1,2029,10000
67,7120103,4031089,1,1,2029,10000
68,9400538,4031089,1,1,2029,10000
69,210100,2000002,1,1,0,100000
70,210100,2000006,1,1,0,100000
71,1210103,2000002,1,1,0,100000
72,1210103,2000006,1,1,0,100000
73,7120103,2000002,1,1,0,100000
74,7120103,2000006,1,1,0,100000
75,9400538,2000002,1,1,0,100000
76,9400538,2000006,1,1,0,100000
77,9420502,2002031,1,1,0,100000
78,9420502,2000001,1,1,0,100000
79,9420502,4000366,1,1,0,400000
80,9420502,1072043,1,1,0,40000
81,2220100,4310000,1,1,0,9166
82,1140130,4310000,1,1,0,9444
83,9420502,4310000,1,1,0,10000
84,210100,4310000,1,1,0,10833
85,9400538,4310000,1,1,0,10833
86,1210103,4310000,1,1,0,10833
87,7120103,4310000,1,1,0,10833
88,9300003,4310000,1,1,0,15277
89,100100,4310000,1,1,0,8330
90,100101,4310000,1,1,0,8330
91,120100,4310000,1,1,0,8330
92,9400551,4310000,1,1,0,8330
93,130100,4310000,1,1,0,8330
94,130101,4310000,1,1,0,8330
97,1110100,4310000,1,1,0,8611
98,1130100,4310000,1,1,0,8888
99,1210103,1112921,1,1,0,20000
100,7120103,1112921,1,1,0,20000
101,9400538,1112921,1,1,0,20000
102,210100,1112921,1,1,0,20000
103,2220100,1002395,1,1,0,30000
104,1110100,1002019,1,1,0,30000
105,2220100,1002019,1,1,0,30000
106,1110100,1002082,1,1,0,30000
107,2220100,1002082,1,1,0,30000
108,1110100,1002083,1,1,0,30000
109,2220100,1002083,1,1,0,30000
110,1110100,1002080,1,1,0,30000
111,2220100,1002080,1,1,0,30000
112,1110100,1002395,1,1,0,30000
113,210100,1082150,1,1,0,20000
114,9400538,1082150,1,1,0,20000
115,210100,1082148,1,1,0,40000
116,1210103,1082150,1,1,0,20000
117,9400538,1082145,1,1,0,40000
118,7120103,1082150,1,1,0,20000
119,1210103,1082147,1,1,0,40000
120,7120103,1082146,1,1,0,40000
121,9420502,1032009,1,1,0,30000
122,9420502,1032000,1,1,0,30000
123,9420502,1032003,1,1,0,30000
124,9420502,1032001,1,1,0,30000
125,9420502,1072004,1,1,0,30000
126,9420502,1072042,1,1,0,30000
127,1130100,1472001,1,1,0,20000
128,1130100,1332002,1,1,0,20000
129,1130100,1382003,1,1,0,20000
130,1130100,1452003,1,1,0,20000
131,1130100,1492001,1,1,0,20000
132,1130100,1482001,1,1,0,20000
133,1140130,1442039,1,1,0,20000
134,1140130,1472001,1,1,0,20000
135,1140130,1332002,1,1,0,20000
136,1140130,1382003,1,1,0,20000
137,1140130,1452003,1,1,0,20000
138,1140130,1492001,1,1,0,20000
139,1140130,1482001,1,1,0,20000
140,1130100,1302005,1,1,0,20000
141,1140130,1302005,1,1,0,20000
142,1130100,1432001,1,1,0,20000
143,1130100,1442039,1,1,0,20000
144,1140130,1432001,1,1,0,20000
145,9400538,1332013,1,1,0,27000
146,1210103,1372004,1,1,0,27000
147,210100,1452001,1,1,0,27000
148,210100,1492003,1,1,0,27000
149,7120103,1482002,1,1,0,27000
150,7120103,1302006,1,1,0,27000
151,9400538,1432008,1,1,0,27000
152,7120103,1442014,1,1,0,27000
153,1210103,1472006,1,1,0,27000
154,9420502,0,49,62,0,200000
155,9420502,1302005,1,1,0,20000
156,9420502,1432001,1,1,0,20000
157,9420502,1442039,1,1,0,20000
158,9420502,1472001,1,1,0,20000
159,9420502,1332002,1,1,0,20000
160,9420502,1382003,1,1,0,20000
161,9420502,1452003,1,1,0,20000
162,9420502,1492001,1,1,0,20000
163,9420502,1482001,1,1,0,20000
164,2220100,1432001,1,1,0,20000
165,2220100,1442039,1,1,0,20000
166,2220100,1472001,1,1,0,20000
167,2220100,1332002,1,1,0,20000
168,2220100,1382003,1,1,0,20000
169,2220100,1452003,1,1,0,20000
170,2220100,1492001,1,1,0,20000
171,2220100,1482001,1,1,0,20000
172,1110100,1302005,1,1,0,20000
173,1110100,1432001,1,1,0,20000
174,1110100,1442039,1,1,0,20000
175,1110100,1472001,1,1,0,20000
176,1110100,1332002,1,1,0,20000
177,1110100,1382003,1,1,0,20000
178,1110100,1452003,1,1,0,20000
179,1110100,1492001,1,1,0,20000
180,1110100,1482001,1,1,0,20000
181,2220100,1302005,1,1,0,20000
182,2100102,4310000,1,1,0,11944
183,2110300,4310000,1,1,0,12222
184,2230110,4310000,1,1,0,12500
185,2230111,4310000,1,1,0,12777
186,2230102,4310000,1,1,0,13055
187,2110301,4310000,1,1,0,13333
188,2100105,4310000,1,1,0,13333
189,2100103,4310000,1,1,0,13611
190,2100108,4310000,1,1,0,13611
191,3210100,4310000,1,1,0,14444
192,2100102,0,72,90,0,200000
193,2110300,0,75,93,0,200000
194,2230110,0,78,96,0,200000
195,2230111,0,81,99,0,200000
196,2230102,0,88,106,0,200000
197,2110301,0,94,112,0,200000
198,2100105,0,94,112,0,200000
199,2100103,0,97,115,0,200000
200,2100108,0,97,115,0,200000
201,3210100,0,120,138,0,200000
202,2230110,1004000,1,1,0,7500
203,2110300,1002089,1,1,0,7500
204,2110300,1092008,1,1,0,7500
205,2230110,1102079,1,1,0,7500
206,2230111,1102080,1,1,0,7500
207,2230111,1102081,1,1,0,7500
208,2100102,1102082,1,1,0,7500
209,2100102,1002026,1,1,0,7500
210,2100102,1004001,1,1,0,7500
211,2110300,1002090,1,1,0,7500
212,2230111,1004000,1,1,0,7500
213,2230111,1092008,1,1,0,7500
214,2110300,1102079,1,1,0,7500
215,2230110,1102080,1,1,0,7500
216,2110300,1102081,1,1,0,7500
217,2230111,1102082,1,1,0,7500
218,2230110,1004001,1,1,0,7500
219,2230110,1102083,1,1,0,7500
220,2100102,1102083,1,1,0,7500
221,2230111,1002026,1,1,0,8000
222,2100102,1002089,1,1,0,7500
223,2230110,1002090,1,1,0,7500
224,2110300,2000002,1,1,0,80000
225,2230110,2000002,1,1,0,80000
226,2100102,2000002,1,1,0,80000
227,2230111,2000002,1,1,0,80000
228,2110300,2000006,1,1,0,80000
229,2230110,2000006,1,1,0,80000
230,2100102,2000006,1,1,0,80000
231,2230111,2000006,1,1,0,80000
232,3210100,4001006,1,1,1001,100000
233,2100108,4007013,1,1,1003,10000
234,2100103,4007013,1,1,1003,10000
235,2100105,2022000,1,1,0,80000
236,2230102,2022000,1,1,0,80000
237,3210100,2022000,1,1,0,80000
238,2100108,2020005,1,1,0,80000
239,2110301,2022000,1,1,0,80000
240,2100108,2022000,1,1,0,80000
241,2110300,4000350,1,1,0,400000
242,2100103,2022000,1,1,0,80000
243,2230111,4000197,1,1,0,400000
244,2100105,4007011,1,1,0,20000
245,2100105,2020005,1,1,0,80000
246,2230102,2020005,1,1,0,80000
247,2230102,4000021,1,1,0,20000
248,3210100,2020005,1,1,0,80000
249,2110301,2020005,1,1,0,80000
250,3210100,4000021,1,1,0,20000
251,2100102,4000330,1,1,0,400000
252,2230110,4000018,1,1,0,400000
253,2100103,2020005,1,1,0,80000
254,2100103,1072056,1,1,0,7500
255,2230102,1072012,1,1,0,7500
256,2100108,1073000,1,1,0,7500
257,2230102,1302002,1,1,0,7500
258,2110301,1322012,1,1,0,7500
259,2100105,1422001,1,1,0,7500
260,2100108,1332012,1,1,0,7500
261,2110301,1432013,1,1,0,7500
262,2110301,1382054,1,1,0,7500
263,2230102,1442065,1,1,0,7500
264,2110301,1402008,1,1,0,7500
265,2100108,1452054,1,1,0,7500
266,2230102,1462000,1,1,0,7500
267,2100103,1472007,1,1,0,7500
268,2100105,1072054,1,1,0,7500
269,2100108,1482004,1,1,0,7500
270,2100103,1492004,1,1,0,7500
271,2100103,1422001,1,1,0,7500
272,2100103,1432013,1,1,0,7500
273,2100108,1442065,1,1,0,7500
274,2110301,1452054,1,1,0,7500
275,2100105,1462000,1,1,0,7500
276,2100105,1472007,1,1,0,7500
277,2100105,1482004,1,1,0,7500
278,2100105,1492004,1,1,0,7500
279,2100105,1072012,1,1,0,7500
280,2110301,1072054,1,1,0,7500
281,2100103,1072055,1,1,0,7500
282,2100108,1072056,1,1,0,7500
283,2230102,1073000,1,1,0,7500
284,2110301,1072055,1,1,0,7500
285,2100108,1302002,1,1,0,7500
286,2230102,1322012,1,1,0,7500
287,2100103,1332012,1,1,0,7500
288,2230102,1382054,1,1,0,7500
289,2100103,1402008,1,1,0,7500
290,2110301,4007011,1,1,0,20000
291,2100102,2380014,1,1,0,7500
292,2110300,2380015,1,1,0,7500
293,2230110,2380016,1,1,0,7500
294,2230111,2380017,1,1,0,7500
295,2230102,2380018,1,1,0,4500
296,2110301,2380019,1,1,0,4500
297,2100105,2380020,1,1,0,4500
298,2100103,2380021,1,1,0,4500
299,2100108,2380022,1,1,0,4500
300,3210100,2380023,1,1,0,4500
301,100100,2380000,1,1,0,33300
302,100101,2380001,1,1,0,30000
303,120100,2380002,1,1,0,30000
304,130100,2380003,1,1,0,30000
305,130101,2380004,1,1,0,30000
306,1110100,2380005,1,1,0,20000
307,2220100,2380006,1,1,0,20000
308,1130100,2380007,1,1,0,20000
309,1140130,2380008,1,1,0,20000
310,9420502,2380009,1,1,0,15000
311,210100,2380010,1,1,0,12500
312,1210103,2380011,1,1,0,12500
313,9400538,2380012,1,1,0,12500
314,7120103,2380013,1,1,0,12500
315,1130100,1032009,1,1,0,30000
316,1140130,1032001,1,1,0,30000
317,1140130,1002080,1,1,0,30000
318,1140130,1002082,1,1,0,30000
319,1140130,1002395,1,1,0,30000
320,1140130,1032000,1,1,0,30000
321,1140130,1002083,1,1,0,30000
322,1140130,1032003,1,1,0,30000
323,1140130,1032009,1,1,0,30000
324,1130100,1002080,1,1,0,30000
325,1130100,1002082,1,1,0,30000
326,1130100,1002083,1,1,0,30000
327,1130100,1002395,1,1,0,30000
328,1130100,1032000,1,1,0,30000
329,1130100,1032001,1,1,0,30000
330,1130100,1032003,1,1,0,30000
331,3220001,1002026,1,2,0,200000
332,3220000,1002019,1,2,0,200000
333,3220000,1002080,1,2,0,200000
334,3220000,1002082,1,2,0,200000
335,3220000,1002083,1,2,0,200000
336,3220000,1002395,1,2,0,200000
337,3220001,1002089,1,2,0,200000
338,3220000,1032000,1,2,0,200000
339,3220001,1002090,1,2,0,200000
340,3220000,1032001,1,2,0,200000
341,3220000,1032003,1,2,0,200000
342,3220000,1032009,1,2,0,200000
343,3220000,1072004,1,2,0,200000
344,3220000,1072042,1,2,0,200000
345,3220001,1092008,1,2,0,200000
346,3220001,1004000,1,2,0,200000
347,3220001,1004001,1,2,0,200000
348,3220000,1072043,1,2,0,200000
349,3220001,1102079,1,2,0,200000
350,3220000,1082145,1,2,0,200000
351,3220001,1102080,1,2,0,200000
352,3220000,1082146,1,2,0,200000
353,3220000,1082147,1,2,0,200000
354,3220001,1102081,1,2,0,200000
355,3220000,1082148,1,2,0,200000
356,3220001,1102082,1,2,0,200000
357,3220000,1082150,1,2,0,200000
358,3220001,1102083,1,2,0,200000
359,3220001,1072012,1,2,0,200000
360,3220000,1112921,1,2,0,200000
361,3220001,1072054,1,2,0,200000
383,3220001,1072055,1,2,0,200000
385,3220001,1072056,1,2,0,200000
387,3220001,1073000,1,2,0,200000
396,2220000,1041006,1,2,0,200000
397,2220000,1041011,1,2,0,200000
398,2220000,1060002,1,2,0,200000
399,2220000,1060006,1,2,0,200000
400,2220000,1061002,1,2,0,200000
401,2220000,1061008,1,2,0,200000
402,2220000,1082002,1,2,0,200000
403,2220000,1092003,1,2,0,200000
404,2220000,1040002,1,2,0,200000
405,2220000,1040010,1,2,0,200000
406,3220000,2388001,1,1,0,150000
407,3220001,2388002,1,1,0,150000
408,2220000,2388000,1,1,0,150000
409,9300003,3996020,1,1,0,1000000
638,3220000,2070001,1,1,0,100000
639,3220001,2070009,1,1,0,100000
640,3220000,2330001,1,1,0,100000
641,3220001,2330002,1,1,0,100000
642,2220000,4310000,1,3,0,1000000
643,3220001,4310000,3,5,0,1000000
644,3220000,4310000,2,4,0,1000000
645,2100103,1050018,1,1,0,7500
646,2100108,1051017,1,1,0,7500
647,3210100,1050018,1,1,0,6000
648,3210100,1051017,1,1,0,6000
649,3110100,2000002,1,1,0,100000
650,3110100,2000006,1,1,0,100000
651,9800000,2000002,1,1,0,100000
652,9800000,2000006,1,1,0,100000
653,9800001,2000002,1,1,0,100000
654,9800001,2000006,1,1,0,100000
655,9800002,2000002,1,1,0,100000
656,9800002,2000006,1,1,0,100000
657,3110100,4310000,1,1,0,10833
658,9800000,4310000,1,1,0,10833
659,9800001,4310000,1,1,0,10833
660,9800002,4310000,1,1,0,10833
661,3110100,1112921,1,1,0,20000
662,9800000,1112921,1,1,0,20000
663,9800001,1112921,1,1,0,20000
664,9800002,1112921,1,1,0,20000
665,3110100,1082150,1,1,0,20000
666,9800000,1082150,1,1,0,20000
667,3110100,1082148,1,1,0,40000
668,9800001,1082150,1,1,0,20000
669,9800002,1082145,1,1,0,40000
670,9800002,1082150,1,1,0,20000
671,9800000,1082147,1,1,0,40000
672,9800001,1082146,1,1,0,40000
673,9800002,1332013,1,1,0,27000
674,9800000,1372004,1,1,0,27000
675,3110100,1452001,1,1,0,27000
676,3110100,1492003,1,1,0,27000
677,9800001,1482002,1,1,0,27000
678,9800001,1302006,1,1,0,27000
679,9800002,1432008,1,1,0,27000
680,9800001,1442014,1,1,0,27000
681,9800000,1472006,1,1,0,27000
682,3110100,0,58,76,0,200000
683,9800000,0,58,76,0,200000
684,9800001,0,58,76,0,200000
685,9800002,0,58,76,0,200000
686,3110100,4000032,1,1,0,400000
687,9800000,4007018,1,1,0,400000
688,9800001,4007019,1,1,0,400000
689,9800002,4007020,1,1,0,400000
690,6220000,1472006,1,1,0,200000
691,6220000,2070001,1,1,0,100000
692,6220000,2330001,1,1,0,100000
693,6220000,4310000,3,4,0,1000000
694,6220000,1082148,1,1,0,200000
695,6220000,1082145,1,1,0,200000
696,6220000,1082147,1,1,0,200000
697,6220000,1082146,1,1,0,200000
698,6220000,1332013,1,1,0,200000
699,6220000,1372004,1,1,0,200000
700,6220000,1452001,1,1,0,200000
701,6220000,1492003,1,1,0,200000
702,6220000,1482002,1,1,0,200000
703,6220000,1302006,1,1,0,200000
704,6220000,1432008,1,1,0,200000
705,6220000,1442014,1,1,0,200000
706,3110100,2380024,1,1,0,12500
707,9800000,2380025,1,1,0,12500
708,9800001,2380026,1,1,0,12500
709,9800002,2380027,1,1,0,12500
710,6220000,2388003,1,1,0,150000
711,3110100,4031666,1,1,0,2500
712,9800000,4031666,1,1,0,2500
713,9800001,4031666,1,1,0,2500
714,9800002,4031666,1,1,0,2500
715,6220000,4007016,1,1,0,1000000
716,2100105,4007017,1,1,0,833
717,2100103,4007017,1,1,0,833
718,2100108,4007017,1,1,0,833
719,3210100,4007017,1,1,0,833
720,2100102,4007017,1,1,0,833
721,2110300,4007017,1,1,0,833
722,2230110,4007017,1,1,0,833
723,2230111,4007017,1,1,0,833
724,2230102,4007017,1,1,0,833
725,2110301,4007017,1,1,0,833
728,3000000,4310000,1,1,0,15277
729,4230504,4310000,1,1,0,16389
730,5130101,4310000,1,1,0,15555
731,4230503,4310000,1,1,0,16389
732,2130103,4310000,1,1,0,16666
733,5200001,4310000,1,1,0,15833
734,5200002,4310000,1,1,0,15833
735,2300200,4310000,1,1,0,17222
736,5150003,4310000,1,1,0,16111
737,2300208,4310000,1,1,0,17500
738,5150002,4310000,1,1,0,16111
739,2400306,4310000,1,1,0,17777
740,2400305,4310000,1,1,0,17777
741,4230100,4310000,1,1,0,18333
742,8211004,4310000,4,6,0,1000000
743,2110200,4310000,1,1,0,14166
744,3000001,4310000,1,1,0,14722
745,4230103,4310000,1,1,0,16666
746,3210800,4310000,1,1,0,14444
747,5200000,4310000,1,1,0,15000
748,6130101,4310000,5,7,0,1000000
749,6130101,2388005,1,1,0,150000
750,4230504,2380039,1,1,0,3850
751,4230503,2380040,1,1,0,3850
752,2110200,2380028,1,1,0,4000
753,2130103,2380041,1,1,0,3850
754,3000001,2380029,1,1,0,4000
755,2300200,2380042,1,1,0,3800
756,2300208,2380043,1,1,0,3800
757,3210800,2380030,1,1,0,4000
758,2400306,2380044,1,1,0,3800
759,5200000,2380031,1,1,0,3950
760,2400305,2380045,1,1,0,3800
761,3000000,2380032,1,1,0,3950
762,5150002,2380037,1,1,0,3900
763,4230100,2380046,1,1,0,3750
764,5130101,2380033,1,1,0,3950
765,8211004,2388004,1,1,0,75000
766,5200001,2380034,1,1,0,3900
767,4230103,2380038,1,1,0,3850
768,5200002,2380035,1,1,0,3900
769,5150003,2380036,1,1,0,3900
770,2300208,4020100,1,1,0,1041
771,2400306,4020100,1,1,0,1045
772,2400305,4020100,1,1,0,1045
773,4230100,4020100,1,1,0,1051
774,8211004,4020100,1,1,0,1025
775,2110200,4020008,1,1,0,1003
776,3000001,4020008,1,1,0,1009
777,3210800,4020008,1,1,0,1006
778,5200000,4020008,1,1,0,1012
779,3000000,4020008,1,1,0,1015
780,5130101,4020008,1,1,0,1018
781,4230103,4020008,1,1,0,1031
782,5200001,4020008,1,1,0,1022
783,6130101,4020008,1,1,0,1048
784,5200002,4020008,1,1,0,1022
785,4230504,4020008,1,1,0,1028
786,5150003,4020008,1,1,0,1025
787,4230503,4020008,1,1,0,1028
788,5150002,4020008,1,1,0,1025
789,2130103,4020008,1,1,0,1031
790,2300200,4020008,1,1,0,1038
791,2300208,4020008,1,1,0,1041
792,2400306,4020008,1,1,0,1045
793,2400305,4020008,1,1,0,1045
794,4230100,4020008,1,1,0,1051
795,8211004,4020008,1,1,0,1025
796,2110200,4020100,1,1,0,1003
797,3000001,4020100,1,1,0,1009
798,3210800,4020100,1,1,0,1006
799,5200000,4020100,1,1,0,1012
800,3000000,4020100,1,1,0,1015
801,5130101,4020100,1,1,0,1018
802,5200001,4020100,1,1,0,1022
803,5200002,4020100,1,1,0,1022
804,5150003,4020100,1,1,0,1025
805,5150002,4020100,1,1,0,1025
806,4230103,4020100,1,1,0,1031
807,6130101,4020100,1,1,0,1048
808,4230504,4020100,1,1,0,1028
809,4230503,4020100,1,1,0,1028
810,2130103,4020100,1,1,0,1031
811,2300200,4020100,1,1,0,1038
812,2110200,4010000,1,1,0,5000
813,2110200,4020000,1,1,0,5000
814,2110200,4021017,1,1,0,5000
815,3000001,4020006,1,1,0,5000
816,5200000,4020004,1,1,0,5000
817,5200000,4004000,1,1,0,5000
818,3000001,4010006,1,1,0,5000
819,3000001,4007011,1,1,0,5000
820,3210800,4000021,1,1,0,5000
821,3210800,4010001,1,1,0,5000
822,3210800,4020001,1,1,0,5000
823,5200000,4010002,1,1,0,5000
824,3000000,4010004,1,1,0,5000
825,5150002,4004001,1,1,0,5000
826,5150003,4020000,1,1,0,5000
827,5150002,4010002,1,1,0,5000
828,5130101,4010003,1,1,0,5000
829,5200002,4010001,1,1,0,5000
830,3000000,4020003,1,1,0,5000
831,5150002,4020005,1,1,0,5000
832,5130101,4004001,1,1,0,5000
833,5200001,4004003,1,1,0,5000
834,5130101,4020007,1,1,0,5000
835,5200002,4004000,1,1,0,5000
836,5200001,4020002,1,1,0,5000
837,5150003,4004002,1,1,0,5000
838,3000000,4004002,1,1,0,5000
839,5150003,4010006,1,1,0,5000
840,5200001,4010005,1,1,0,5000
841,5200002,4020001,1,1,0,5000
842,4230504,4010005,1,1,0,5000
843,4230504,4020004,1,1,0,5000
844,4230503,4007011,1,1,0,5000
845,2130103,4021017,1,1,0,5000
846,4230503,4010000,1,1,0,5000
847,2130103,4020003,1,1,0,5000
848,4230504,4000021,1,1,0,5000
849,2130103,4010003,1,1,0,5000
850,4230503,4020006,1,1,0,5000
851,2300200,4004001,1,1,0,5000
852,2400306,4020005,1,1,0,5000
853,2400305,4004002,1,1,0,5000
854,2300208,4020002,1,1,0,5000
855,2300208,4010001,1,1,0,5000
856,2400305,4010006,1,1,0,5000
857,5150003,4004003,1,1,0,5000
858,4230100,4020007,1,1,0,5000
859,2400305,4020001,1,1,0,5000
860,4230100,4021017,1,1,0,5000
861,2300208,4004003,1,1,0,5000
862,2400306,4004000,1,1,0,5000
863,2400306,4010000,1,1,0,5000
864,4230100,4010001,1,1,0,5000
865,2300200,4010004,1,1,0,5000
866,2300200,4020007,1,1,0,5000
867,8211004,4004001,1,1,0,100000
868,8211004,4004002,1,1,0,100000
869,8211004,4004003,1,1,0,100000
870,8211004,4010001,1,1,0,100000
871,8211004,4010004,1,1,0,100000
872,8211004,4010005,1,1,0,100000
873,8211004,4010006,1,1,0,100000
874,8211004,4020000,1,1,0,100000
875,8211004,4020001,1,1,0,100000
876,6130101,4010005,1,1,0,100000
877,6130101,4010006,1,1,0,100000
878,8211004,4020002,1,1,0,100000
879,8211004,4020003,1,1,0,100000
880,6130101,4020000,1,1,0,100000
881,6130101,4020001,1,1,0,100000
882,8211004,4020004,1,1,0,100000
883,6130101,4020002,1,1,0,100000
884,8211004,4020005,1,1,0,100000
885,8211004,4020006,1,1,0,100000
886,6130101,4020003,1,1,0,100000
887,8211004,4000021,1,1,0,100000
888,8211004,4020007,1,1,0,100000
889,6130101,4020004,1,1,0,100000
890,6130101,4020005,1,1,0,100000
891,8211004,4021017,1,1,0,100000
892,6130101,4000021,1,1,0,100000
893,6130101,4020006,1,1,0,100000
894,6130101,4020007,1,1,0,100000
895,6130101,4004000,1,1,0,100000
896,6130101,4021017,1,1,0,100000
897,6130101,4004001,1,1,0,100000
898,6130101,4004002,1,1,0,100000
899,6130101,4004003,1,1,0,100000
900,6130101,4007011,1,1,0,100000
901,6130101,4010000,1,1,0,100000
902,6130101,4010001,1,1,0,100000
903,6130101,4010002,1,1,0,100000
904,8211004,4007011,1,1,0,100000
905,8211004,4010000,1,1,0,100000
906,8211004,4010002,1,1,0,100000
907,8211004,4010003,1,1,0,100000
908,8211004,4004000,1,1,0,100000
909,6130101,4010003,1,1,0,100000
910,6130101,4010004,1,1,0,100000
911,3000000,1072044,1,1,0,2500
912,3000000,1060008,1,1,0,2500
913,2110200,1082180,1,1,0,2500
914,3000000,1040032,1,1,0,2500
915,2110200,1072015,1,1,0,2500
916,2110200,1060023,1,1,0,2500
917,3000001,1072285,1,1,0,2500
918,3000001,1060022,1,1,0,2500
919,3000001,1040015,1,1,0,2500
920,3210800,1072044,1,1,0,2500
921,2110200,1040004,1,1,0,2500
922,3210800,1061057,1,1,0,2500
923,3210800,1041064,1,1,0,2500
924,2110200,1002002,1,1,0,2500
925,3000001,1002010,1,1,0,2500
926,3000001,1082019,1,1,0,2500
928,3210800,1002613,1,1,0,2500
929,5200000,1002125,1,1,0,2500
930,4230504,1092005,1,1,0,2222
931,4230503,1092018,1,1,0,2222
932,3000000,1002074,1,1,0,2500
933,5130101,1002044,1,1,0,2500
934,2130103,1092021,1,1,0,2222
935,3210800,1082030,1,1,0,2500
936,5200001,1002610,1,1,0,2500
938,5200002,1002124,1,1,0,2500
939,2300208,1002112,1,1,0,2105
940,5200000,1082003,1,1,0,2500
941,2400306,1002113,1,1,0,2105
942,5150003,1002057,1,1,0,2500
943,5150002,1002075,1,1,0,2500
944,2400305,1002105,1,1,0,2105
945,5200000,1072071,1,1,0,2500
946,5200000,1060012,1,1,0,2500
947,4230100,1002111,1,1,0,2222
948,8211004,1002002,1,1,0,40000
949,5200000,1040071,1,1,0,2500
950,6130101,1002007,1,1,0,50000
951,3000000,1082012,1,1,0,2500
952,5150002,1040033,1,1,0,2500
953,5150003,1072285,1,1,0,2500
954,5150003,1052095,1,1,0,2500
956,5200002,1072015,1,1,0,2500
957,5200002,1061023,1,1,0,2500
959,5200001,1072071,1,1,0,2500
960,5200001,1062004,1,1,0,2500
961,5150002,1082012,1,1,0,2500
962,5200001,1041017,1,1,0,2500
963,5130101,1061010,1,1,0,2500
964,5130101,1072009,1,1,0,2500
965,5130101,1041061,1,1,0,2500
966,5130101,1082019,1,1,0,2500
967,5200001,1082003,1,1,0,2500
968,5150002,1072009,1,1,0,2500
969,5200002,1082180,1,1,0,2500
970,5150002,1052095,1,1,0,2500
971,5150003,1082030,1,1,0,2500
972,5150003,1032005,1,1,0,2222
974,3210800,1112931,1,1,0,2500
975,2110200,1112408,1,1,0,2500
976,2130103,1012076,1,1,0,2222
977,5200001,1032006,1,1,0,2222
978,5200002,1032004,1,1,0,2222
979,5150002,1032025,1,1,0,2222
981,3000001,1112407,1,1,0,2500
984,4230503,1132000,1,1,0,2222
989,2130103,1032025,1,1,0,2222
992,4230503,1032006,1,1,0,2222
993,4230504,1032004,1,1,0,2222
994,3000001,4003003,1,1,0,6670
995,5150002,1102174,1,1,0,2222
996,5150003,1102174,1,1,0,2222
997,2110200,1332020,1,1,0,2500
998,5200000,1322008,1,1,0,2500
999,2110200,1322008,1,1,0,2500
1000,3000001,1402006,1,1,0,2500
1001,3000001,1372001,1,1,0,2500
1002,3210800,1462005,1,1,0,2500
1003,3210800,1432016,1,1,0,2500
1004,5200000,1442050,1,1,0,2500
1005,3000000,1482005,1,1,0,2500
1006,3000000,1472013,1,1,0,2500
1007,5130101,1492005,1,1,0,2500
1008,5200001,1472013,1,1,0,2500
1009,5200001,1462005,1,1,0,2500
1010,5200002,1452006,1,1,0,2500
1011,4230504,1032005,1,1,0,2222
1012,5200002,1442050,1,1,0,2500
1013,5130101,1482005,1,1,0,2500
1014,5150003,1402006,1,1,0,2500
1015,5150003,1432016,1,1,0,2500
1016,5150002,1372001,1,1,0,2500
1017,5150002,1332020,1,1,0,2500
1018,5200000,1452006,1,1,0,2500
1019,4230103,1132000,1,1,0,2222
1020,4230103,1012076,1,1,0,2222
1021,2300200,1482006,1,1,0,2105
1022,2300200,1082014,1,1,0,2105
1023,2300200,1072047,1,1,0,2105
1024,4230504,1432005,1,1,0,2105
1025,2300200,1060015,1,1,0,2105
1026,4230100,1482006,1,1,0,2105
1027,2300200,1040035,1,1,0,2105
1028,4230504,1402007,1,1,0,2105
1029,4230100,1472015,1,1,0,2105
1030,2300200,1002619,1,1,0,2105
1031,4230504,1082033,1,1,0,2105
1032,4230504,1072288,1,1,0,2105
1033,4230504,1062002,1,1,0,2105
1034,4230504,1040037,1,1,0,2105
1035,4230504,1002104,1,1,0,2105
1036,2300200,1492006,1,1,0,2105
1037,2300208,1382001,1,1,0,2105
1038,4230100,1322031,1,1,0,2105
1039,2300208,1322031,1,1,0,2105
1040,4230503,1452007,1,1,0,2105
1041,4230503,1442003,1,1,0,2105
1042,4230503,1082022,1,1,0,2105
1043,2400305,1332001,1,1,0,2105
1044,4230503,1072028,1,1,0,2105
1045,4230503,1061059,1,1,0,2105
1046,4230503,1051000,1,1,0,2105
1047,4230503,1002616,1,1,0,2105
1048,2400306,1462048,1,1,0,2105
1049,2400306,1442003,1,1,0,2105
1050,4230103,1382001,1,1,0,2105
1051,2130103,1472015,1,1,0,2105
1052,2130103,1462048,1,1,0,2105
1053,4230103,1332001,1,1,0,2105
1054,2400306,1492006,1,1,0,2105
1055,2130103,1082000,1,1,0,2105
1056,2130103,1072024,1,1,0,2105
1057,4230103,1002042,1,1,0,2105
1058,2130103,1052101,1,1,0,2105
1059,2130103,1040011,1,1,0,2105
1060,2130103,1002108,1,1,0,2105
1061,2400305,1452007,1,1,0,2105
1062,4230103,1082183,1,1,0,2105
1063,2400305,1432005,1,1,0,2105
1064,4230103,1072016,1,1,0,2105
1065,4230103,1060025,1,1,0,2105
1066,4230103,1041029,1,1,0,2105
1068,4230100,1082000,1,1,0,2105
1069,4230100,1072016,1,1,0,2105
1070,2400305,1060027,1,1,0,2105
1071,4230100,1040019,1,1,0,2105
1072,2400305,1052101,1,1,0,2105
1073,2400306,1041063,1,1,0,2105
1074,2400305,1072028,1,1,0,2105
1075,2400306,1061038,1,1,0,2105
1076,2400306,1072024,1,1,0,2105
1077,2300208,1002007,1,1,0,2105
1078,2300208,1061027,1,1,0,2105
1079,2300208,1041045,1,1,0,2105
1080,2300208,1072288,1,1,0,2105
1081,2300208,1402007,1,1,0,2105
1082,2400305,1082014,1,1,0,2105
1083,2400306,1082033,1,1,0,2105
1084,4230100,1082183,1,1,0,2105
1085,4230100,1082022,1,1,0,2105
1086,6130101,1040019,1,1,0,50000
1087,6130101,1040037,1,1,0,50000
1088,6130101,1051000,1,1,0,50000
1089,6130101,1040035,1,1,0,50000
1090,6130101,1041045,1,1,0,50000
1091,6130101,1041063,1,1,0,50000
1092,6130101,1492006,1,1,0,50000
1093,6130101,1040011,1,1,0,50000
1094,6130101,1052101,1,1,0,50000
1095,6130101,1061027,1,1,0,50000
1096,6130101,1060015,1,1,0,50000
1097,6130101,1060025,1,1,0,50000
1098,6130101,1061038,1,1,0,50000
1099,6130101,1060027,1,1,0,50000
1100,6130101,1061059,1,1,0,50000
1101,6130101,1062002,1,1,0,50000
1102,6130101,1072047,1,1,0,50000
1103,6130101,1072016,1,1,0,50000
1104,6130101,1072024,1,1,0,50000
1105,6130101,1002042,1,1,0,50000
1106,6130101,1002112,1,1,0,50000
1107,6130101,1072028,1,1,0,50000
1108,6130101,1002113,1,1,0,50000
1109,6130101,1072288,1,1,0,50000
1110,6130101,1082000,1,1,0,50000
1111,6130101,1002104,1,1,0,50000
1112,6130101,1002105,1,1,0,50000
1113,6130101,1082014,1,1,0,50000
1114,6130101,1082022,1,1,0,50000
1115,6130101,1002108,1,1,0,50000
1116,6130101,1002111,1,1,0,50000
1117,6130101,1082033,1,1,0,50000
1118,6130101,1002616,1,1,0,50000
1119,6130101,1082183,1,1,0,50000
1120,6130101,1322031,1,1,0,50000
1121,6130101,1002619,1,1,0,50000
1122,6130101,1041029,1,1,0,50000
1123,6130101,1332001,1,1,0,50000
1124,6130101,1382001,1,1,0,50000
1125,6130101,1402007,1,1,0,50000
1126,6130101,1432005,1,1,0,50000
1127,6130101,1442003,1,1,0,50000
1128,6130101,1452007,1,1,0,50000
1129,6130101,1462048,1,1,0,50000
1130,6130101,1472015,1,1,0,50000
1131,6130101,1482006,1,1,0,50000
1132,8211004,1082180,1,1,0,40000
1133,8211004,1082030,1,1,0,40000
1134,8211004,1082019,1,1,0,40000
1135,8211004,1082012,1,1,0,40000
1136,8211004,1082003,1,1,0,40000
1137,8211004,1072285,1,1,0,40000
1138,8211004,1072071,1,1,0,40000
1139,8211004,1072044,1,1,0,40000
1140,8211004,1072015,1,1,0,40000
1141,8211004,1072009,1,1,0,40000
1142,8211004,1062004,1,1,0,40000
1143,8211004,1061057,1,1,0,40000
1144,8211004,1061023,1,1,0,40000
1145,8211004,1060008,1,1,0,40000
1146,8211004,1060023,1,1,0,40000
1147,8211004,1060022,1,1,0,40000
1148,8211004,1061010,1,1,0,40000
1149,8211004,1060012,1,1,0,40000
1150,8211004,1052095,1,1,0,40000
1151,8211004,1041061,1,1,0,40000
1152,8211004,1040071,1,1,0,40000
1153,8211004,1040033,1,1,0,40000
1154,8211004,1040032,1,1,0,40000
1155,8211004,1040015,1,1,0,40000
1156,8211004,1041064,1,1,0,40000
1157,8211004,1041017,1,1,0,40000
1158,8211004,1040004,1,1,0,40000
1159,8211004,1002613,1,1,0,40000
1160,8211004,1002610,1,1,0,40000
1161,8211004,1002125,1,1,0,40000
1162,8211004,1002124,1,1,0,40000
1163,8211004,1002075,1,1,0,40000
1164,8211004,1002074,1,1,0,40000
1165,8211004,1002057,1,1,0,40000
1166,8211004,1002010,1,1,0,40000
1167,8211004,1002044,1,1,0,40000
1168,8211004,1492005,1,1,0,40000
1169,8211004,1482005,1,1,0,40000
1170,8211004,1472013,1,1,0,40000
1171,8211004,1462005,1,1,0,40000
1172,8211004,1452006,1,1,0,40000
1173,8211004,1442050,1,1,0,40000
1174,8211004,1432016,1,1,0,40000
1175,8211004,1402006,1,1,0,40000
1176,8211004,1372001,1,1,0,40000
1177,8211004,1332020,1,1,0,40000
1178,8211004,1322008,1,1,0,40000
1179,8211004,1132000,1,1,0,40000
1180,8211004,1112931,1,1,0,40000
1181,8211004,1112408,1,1,0,40000
1182,8211004,1112407,1,1,0,40000
1183,8211004,1102174,1,1,0,40000
1184,8211004,1032025,1,1,0,40000
1185,8211004,1032006,1,1,0,40000
1186,8211004,1032005,1,1,0,40000
1187,8211004,1032004,1,1,0,40000
1188,8211004,1012076,1,1,0,40000
1189,8211004,1092021,1,1,0,40000
1190,8211004,1092018,1,1,0,40000
1191,8211004,1092005,1,1,0,40000
1192,6130101,4000040,1,1,0,1000000
1193,4230100,0,224,242,0,200000
1194,2110200,0,114,132,0,200000
1195,3000001,0,128,146,0,200000
1196,3210800,0,120,138,0,200000
1197,5200000,0,128,146,0,200000
1198,3000000,0,136,154,0,200000
1199,5130101,0,144,162,0,200000
1200,5200001,0,152,170,0,200000
1201,5200002,0,152,170,0,200000
1202,4230103,0,176,194,0,200000
1203,5150003,0,160,178,0,200000
1204,4230504,0,168,186,0,200000
1205,5150002,0,160,178,0,200000
1206,4230503,0,168,186,0,200000
1207,2130103,0,176,194,0,200000
1208,2300200,0,192,210,0,200000
1209,2300208,0,200,218,0,200000
1210,2400306,0,208,226,0,200000
1211,2400305,0,208,226,0,200000
1212,2400305,2020008,1,1,0,90000
1215,4230100,2020008,1,1,0,90000
1216,2110200,2020005,1,1,0,100000
1217,2110200,2022000,1,1,0,100000
1218,3000001,2020005,1,1,0,100000
1220,3000001,2022000,1,1,0,100000
1221,3210800,2020005,1,1,0,100000
1223,5200000,2020005,1,1,0,100000
1225,3210800,2022000,1,1,0,100000
1227,3000000,2020005,1,1,0,100000
1228,5200000,2022000,1,1,0,100000
1230,5130101,2020005,1,1,0,100000
1231,3000000,2022000,1,1,0,100000
1232,5200001,2020005,1,1,0,100000
1233,5130101,2022000,1,1,0,100000
1234,5200002,2020005,1,1,0,100000
1235,5200001,2022000,1,1,0,100000
1236,5200002,2022000,1,1,0,100000
1237,5150003,2020005,1,1,0,100000
1238,5150003,2022000,1,1,0,100000
1239,5150002,2020005,1,1,0,100000
1240,5150002,2022000,1,1,0,100000
1241,4230103,2020008,1,1,0,90000
1242,4230504,2020008,1,1,0,90000
1243,4230503,2020008,1,1,0,90000
1244,2130103,2020008,1,1,0,90000
1245,2300200,2020008,1,1,0,90000
1246,2300208,2020008,1,1,0,90000
1249,2400306,2020008,1,1,0,90000
1250,4230103,2020010,1,1,0,90000
1251,4230504,2020010,1,1,0,90000
1252,4230503,2020010,1,1,0,90000
1253,2130103,2020010,1,1,0,90000
1254,2300200,2020010,1,1,0,90000
1255,2300208,2020010,1,1,0,90000
1256,2400306,2020010,1,1,0,90000
1257,2400305,2020010,1,1,0,90000
1258,4230100,2020010,1,1,0,90000
1259,5200002,4000021,1,1,0,5000
1260,5200001,4007011,1,1,0,5000
1261,8211004,4007032,1,1,0,250000
1262,6130101,4007032,1,1,0,500000
1263,3220001,2061001,1000,1000,0,100000
1264,3220001,2060001,1000,1000,0,100000
1265,9010150,0,35000,45000,0,1000000
1266,9010151,0,35000,45000,0,1000000
1267,9402050,1002002,1,1,0,70000
1269,2600421,4004000,1,2,0,350000
1270,2600420,4004000,1,1,0,350000
1271,9010150,0,35000,45000,0,1000000
1272,9010150,0,35000,45000,0,1000000
1273,9010150,0,35000,45000,0,1000000
1274,9010150,0,35000,45000,0,1000000
1275,9010150,0,35000,45000,0,1000000
1276,9010150,0,35000,45000,0,1000000
1277,9402050,1040071,1,1,0,70000
1278,9402050,1472013,1,1,0,70000
1279,9402050,1040033,1,1,0,70000
1280,9402050,1462005,1,1,0,70000
1281,9402050,1040032,1,1,0,70000
1282,9402050,1452006,1,1,0,70000
1283,9402050,1040015,1,1,0,70000
1284,9402050,1442050,1,1,0,70000
1285,9402050,1432016,1,1,0,70000
1286,9402050,1402006,1,1,0,70000
1287,9402050,1372001,1,1,0,70000
1288,9402050,1332020,1,1,0,70000
1289,9402050,1322008,1,1,0,70000
1290,9402050,1112931,1,1,0,70000
1291,9402050,1112408,1,1,0,70000
1292,9010151,0,35000,45000,0,1000000
1293,9402050,1112407,1,1,0,70000
1294,9010151,0,35000,45000,0,1000000
1295,9402050,1102174,1,1,0,70000
1296,9010151,0,35000,45000,0,1000000
1297,9402050,1032025,1,1,0,70000
1298,9010151,0,35000,45000,0,1000000
1299,9402050,1032006,1,1,0,70000
1300,9010151,0,35000,45000,0,1000000
1301,9402050,1032005,1,1,0,70000
1302,9010151,0,35000,45000,0,1000000
1303,9402050,1032004,1,1,0,70000
1304,9010151,0,35000,45000,0,1000000
1305,9402050,1092021,1,1,0,70000
1306,9010151,0,35000,45000,0,1000000
1307,9010151,0,35000,45000,0,1000000
1308,9010151,0,35000,45000,0,1000000
1309,9402050,1092018,1,1,0,70000
1310,9402050,1092005,1,1,0,70000
1311,9402050,1082180,1,1,0,70000
1312,9402050,1082030,1,1,0,70000
1313,9402050,1082019,1,1,0,70000
1314,9402050,1082012,1,1,0,70000
1315,9402050,1041064,1,1,0,70000
1316,9402050,1041017,1,1,0,70000
1317,9402050,1040004,1,1,0,70000
1318,9402050,1002613,1,1,0,70000
1319,9402050,1002610,1,1,0,70000
1320,9402050,1002125,1,1,0,70000
1321,9402050,1002124,1,1,0,70000
1322,9402050,1002075,1,1,0,70000
1323,9402050,1002074,1,1,0,70000
1324,9402050,1002057,1,1,0,70000
1325,9402050,1002010,1,1,0,70000
1326,9402050,1002044,1,1,0,70000
1327,9402050,1082003,1,1,0,70000
1328,9402050,1072285,1,1,0,70000
1329,9402050,1072071,1,1,0,70000
1330,9402050,1072044,1,1,0,70000
1331,9402050,1072015,1,1,0,70000
1332,9402050,1072009,1,1,0,70000
1333,9402050,1062004,1,1,0,70000
1334,9402050,1061057,1,1,0,70000
1335,9402050,1061023,1,1,0,70000
1336,9402050,1060008,1,1,0,70000
1337,9402050,1060023,1,1,0,70000
1338,9402050,1060022,1,1,0,70000
1339,9402050,1061010,1,1,0,70000
1340,9402050,1060012,1,1,0,70000
1341,9402050,1052095,1,1,0,70000
1342,9402050,1492005,1,1,0,70000
1343,9402050,1041061,1,1,0,70000
1344,9402050,1482005,1,1,0,70000
1345,9402051,1032025,1,1,0,72500
1346,9402051,1012076,1,1,0,72500
1347,9402051,1132000,1,1,0,72500
1348,9402051,1492006,1,1,0,72500
1349,9402051,1482006,1,1,0,72500
1350,9402051,1472015,1,1,0,72500
1351,9402051,1462048,1,1,0,72500
1352,9402051,1452007,1,1,0,72500
1353,9402051,1442003,1,1,0,72500
1354,9402051,1432005,1,1,0,72500
1355,9402051,1402007,1,1,0,72500
1356,9402051,1382001,1,1,0,72500
1357,9402051,1332001,1,1,0,72500
1358,9402051,1322031,1,1,0,72500
1359,9402051,1082183,1,1,0,72500
1360,9402051,1082033,1,1,0,72500
1361,9402051,1082022,1,1,0,72500
1362,9402051,1082014,1,1,0,72500
1363,9402051,1082000,1,1,0,72500
1364,9402051,1072288,1,1,0,72500
1365,9402051,1072028,1,1,0,72500
1366,9402051,1072024,1,1,0,72500
1367,9402051,1072016,1,1,0,72500
1368,9402051,1072047,1,1,0,72500
1369,9402051,1062002,1,1,0,72500
1370,9402051,1061059,1,1,0,72500
1371,9402051,1060027,1,1,0,72500
1372,9402051,1061038,1,1,0,72500
1373,9402051,1060025,1,1,0,72500
1374,9402051,1060015,1,1,0,72500
1375,9402051,1061027,1,1,0,72500
1376,9402051,1052101,1,1,0,72500
1377,9402051,1040011,1,1,0,72500
1378,9402051,1041063,1,1,0,72500
1379,9402051,1041045,1,1,0,72500
1380,9402051,1040035,1,1,0,72500
1381,9402051,1051000,1,1,0,72500
1382,9402051,1040037,1,1,0,72500
1383,9402051,1040019,1,1,0,72500
1384,9402051,1041029,1,1,0,72500
1385,9402051,1002619,1,1,0,72500
1386,9402051,1002616,1,1,0,72500
1387,9402051,1002111,1,1,0,72500
1388,9402051,1002108,1,1,0,72500
1389,9402051,1002105,1,1,0,72500
1390,9402051,1002104,1,1,0,72500
1391,9402051,1002113,1,1,0,72500
1392,9402051,1002112,1,1,0,72500
1393,9402051,1002042,1,1,0,72500
1394,9402051,1002007,1,1,0,72500
1395,9402051,1092005,1,1,0,72500
1396,9402051,1092018,1,1,0,72500
1397,9402051,1092021,1,1,0,72500
1398,9402051,1032004,1,1,0,72500
1399,9402051,1032005,1,1,0,72500
1400,9402051,1032006,1,1,0,72500
1401,2600421,4020002,1,2,0,350000
1402,2600421,4020003,1,2,0,350000
1403,2600421,4020004,1,2,0,350000
1404,2600421,4004002,1,2,0,350000
1405,2600421,4020005,1,2,0,350000
1406,2600421,4004003,1,2,0,350000
1407,2600420,4007011,1,1,0,1000000
1408,2600421,4010000,1,2,0,350000
1409,2600421,4020006,1,2,0,350000
1410,2600421,4010001,1,2,0,350000
1411,2600421,4020007,1,2,0,350000
1412,2600421,4020008,1,1,0,500000
1413,2600421,4010002,1,2,0,350000
1414,2600420,4000021,1,1,0,1000000
1415,2600421,4010003,1,2,0,350000
1416,2600421,4020100,1,1,0,500000
1417,2600421,4021017,1,1,0,1000000
1418,2600421,4010004,1,2,0,350000
1419,2600421,4010005,1,2,0,350000
1420,2600421,4010006,1,2,0,350000
1421,2600420,4021017,1,1,0,1000000
1422,2600420,4020100,1,1,0,500000
1423,2600420,4020008,1,1,0,500000
1424,2600420,4020007,1,1,0,350000
1425,2600420,4020006,1,1,0,350000
1426,2600420,4020005,1,1,0,350000
1427,2600420,4020004,1,1,0,350000
1428,2600420,4020003,1,1,0,350000
1429,2600421,4020000,1,2,0,350000
1430,2600420,4020002,1,1,0,350000
1431,2600421,4004001,1,2,0,350000
1432,2600420,4020001,1,1,0,350000
1433,2600420,4020000,1,1,0,350000
1434,2600420,4010006,1,1,0,350000
1435,2600420,4010005,1,1,0,350000
1436,2600420,4010004,1,1,0,350000
1437,2600420,4010003,1,1,0,350000
1438,2600420,4010002,1,1,0,350000
1439,2600420,4010001,1,1,0,350000
1440,2600420,4010000,1,1,0,350000
1441,2600420,4004003,1,1,0,350000
1442,2600420,4004002,1,1,0,350000
1443,2600421,4007011,1,2,0,1000000
1444,2600420,4004001,1,1,0,350000
1445,2600421,4020001,1,2,0,350000
1446,2600421,4000021,1,2,0,1000000
1447,3300008,5170000,1,1,0,100000
1448,3300008,5370000,1,1,0,20000
1449,3300008,4130100,1,1,0,1000000
1450,3300008,5076000,1,1,0,500000
1451,3300008,5060000,1,1,0,100000
1452,3300008,5060001,1,1,0,100000
1453,3300008,5220000,1,1,0,500000
1454,3300008,5220010,1,1,0,1000000
1455,3300008,5220020,1,1,0,250000
1456,3300008,5010012,1,1,0,20000
1457,3300008,5010013,1,1,0,20000
1458,3300008,5010014,1,1,0,20000
1459,3300008,5010015,1,1,0,20000
1460,3300008,5010016,1,1,0,20000
1461,3300008,5010017,1,1,0,20000
1462,3300008,5010018,1,1,0,20000
1463,3300008,5010019,1,1,0,20000
1464,3300008,5010003,1,1,0,20000
1465,3300008,5010020,1,1,0,20000
1466,3300008,5010021,1,1,0,20000
1467,3300008,5010022,1,1,0,20000
1468,3300008,5010023,1,1,0,20000
1469,3300008,5010024,1,1,0,20000
1470,3300008,5010025,1,1,0,20000
1471,3300008,5010026,1,1,0,20000
1472,3300008,5010027,1,1,0,20000
1473,3300008,5010028,1,1,0,20000
1474,3300008,5010029,1,1,0,20000
1475,3300008,5010030,1,1,0,20000
1476,3300008,5010000,1,1,0,20000
1477,3300008,5010004,1,1,0,20000
1478,3300008,5010031,1,1,0,20000
1479,3300008,5010032,1,1,0,20000
1480,3300008,5010033,1,1,0,20000
1481,3300008,5010034,1,1,0,20000
1482,3300008,5010035,1,1,0,20000
1483,3300008,5010038,1,1,0,20000
1484,3300008,5010041,1,1,0,20000
1485,3300008,5010042,1,1,0,20000
1486,3300008,5010043,1,1,0,20000
1487,3300008,5010044,1,1,0,20000
1488,3300008,5010045,1,1,0,20000
1489,3300008,5010005,1,1,0,20000
1490,3300008,5010006,1,1,0,20000
1491,3300008,5010046,1,1,0,20000
1492,3300008,5010007,1,1,0,20000
1493,3300008,5010048,1,1,0,20000
1494,3300008,5010049,1,1,0,20000
1495,3300008,5010051,1,1,0,20000
1496,3300008,5010052,1,1,0,20000
1497,3300008,5010053,1,1,0,20000
1498,3300008,5010054,1,1,0,20000
1499,3300008,5010055,1,1,0,20000
1500,3300008,5010056,1,1,0,20000
1501,3300008,5010057,1,1,0,20000
1502,3300008,5010008,1,1,0,20000
1503,3300008,5010009,1,1,0,20000
1504,3300008,5010001,1,1,0,20000
1505,3300008,5010002,1,1,0,20000
1506,3300008,5010010,1,1,0,20000
1507,3300008,5010011,1,1,0,20000
1508,3300008,5130000,1,1,0,1000000
1509,3300008,4007036,1,1,0,50000
1510,3300008,4007037,1,1,0,50000
1511,3300008,4007034,1,1,0,50000
1512,3300008,4007035,1,1,0,50000
1513,9400597,5170000,1,1,0,100000
1514,9400597,5076000,1,1,0,500000
1515,9400597,5060000,1,1,0,100000
1516,9400597,5060001,1,1,0,100000
1517,9400597,5220000,1,1,0,500000
1518,9400597,5220010,1,1,0,1000000
1519,9400597,5220020,1,1,0,250000
1520,9400597,5370000,1,1,0,20000
1521,9400597,4130100,1,1,0,1000000
1522,9400597,5010000,1,1,0,20000
1523,9400597,5010001,1,1,0,20000
1524,9400597,5010002,1,1,0,20000
1525,9400597,5010003,1,1,0,20000
1526,9400597,5010004,1,1,0,20000
1527,9400597,5010005,1,1,0,20000
1528,9400597,5010006,1,1,0,20000
1529,9400597,5010007,1,1,0,20000
1530,9400597,5010008,1,1,0,20000
1531,9400597,5010009,1,1,0,20000
1532,9400597,5010010,1,1,0,20000
1533,9400597,5010011,1,1,0,20000
1534,9400597,5010012,1,1,0,20000
1535,9400597,5010013,1,1,0,20000
1536,9400597,5010014,1,1,0,20000
1537,9400597,5010015,1,1,0,20000
1538,9400597,5010016,1,1,0,20000
1539,9400597,5010017,1,1,0,20000
1540,9400597,5010018,1,1,0,20000
1541,9400597,5010019,1,1,0,20000
1542,9400597,5010020,1,1,0,20000
1543,9400597,5010021,1,1,0,20000
1544,9400597,5010022,1,1,0,20000
1545,9400597,5010023,1,1,0,20000
1546,9400597,5010024,1,1,0,20000
1547,9400597,5010025,1,1,0,20000
1548,9400597,5010026,1,1,0,20000
1549,9400597,5010027,1,1,0,20000
1550,9400597,5010028,1,1,0,20000
1551,9400597,5010029,1,1,0,20000
1552,9400597,5010030,1,1,0,20000
1553,9400597,5010031,1,1,0,20000
1554,9400597,5010032,1,1,0,20000
1555,9400597,5010033,1,1,0,20000
1556,9400597,5010034,1,1,0,20000
1557,9400597,5010035,1,1,0,20000
1558,9400597,5010038,1,1,0,20000
1559,9400597,5010041,1,1,0,20000
1560,9400597,5010042,1,1,0,20000
1561,9400597,5010043,1,1,0,20000
1562,9400597,5010044,1,1,0,20000
1563,9400597,5010045,1,1,0,20000
1564,9400597,5010046,1,1,0,20000
1565,9400597,5010048,1,1,0,20000
1566,9400597,5010049,1,1,0,20000
1567,9400597,5010051,1,1,0,20000
1568,9400597,5010052,1,1,0,20000
1569,9400597,5010053,1,1,0,20000
1570,9400597,5010054,1,1,0,20000
1571,9400597,5010055,1,1,0,20000
1572,9400597,5010056,1,1,0,20000
1573,9400597,5010057,1,1,0,20000
1574,9400597,5130000,1,1,0,1000000
1575,9400597,4007034,1,1,0,50000
1576,9400597,4007035,1,1,0,50000
1577,9400597,4007036,1,1,0,50000
1578,9400597,4007037,1,1,0,50000
